week_start,ilitotal,total_patients,fludeaths,pneumoniadeaths,all_deaths
2003-01-06,3260,171193,NA,NA,NA
2003-01-13,3729,234513,NA,NA,NA
2003-01-20,4204,231550,NA,NA,NA
2003-01-27,5696,235566,NA,NA,NA
2003-02-03,7079,246969,NA,NA,NA
2003-02-10,7782,245751,NA,NA,NA
2003-02-17,7649,253656,NA,NA,NA
2003-02-24,7228,241110,NA,NA,NA
2003-03-03,5606,241683,NA,NA,NA
2003-03-10,4450,228549,NA,NA,NA
2003-03-17,3810,220250,NA,NA,NA
2003-03-24,2987,196724,NA,NA,NA
2003-03-31,2439,198913,NA,NA,NA
2003-04-07,2028,192349,NA,NA,NA
2003-04-14,2082,194383,NA,NA,NA
2003-04-21,1467,177577,NA,NA,NA
2003-04-28,1445,176111,NA,NA,NA
2003-05-05,1075,170406,NA,NA,NA
2003-05-12,1005,157191,NA,NA,NA
2003-05-19,836,142514,NA,NA,NA
2003-05-26,740,95728,NA,NA,NA
2003-06-02,641,81063,NA,NA,NA
2003-06-09,563,79090,NA,NA,NA
2003-06-16,620,78023,NA,NA,NA
2003-06-23,423,72110,NA,NA,NA
2003-06-30,441,71593,NA,NA,NA
2003-07-07,318,64699,NA,NA,NA
2003-07-14,441,72972,NA,NA,NA
2003-07-21,365,69593,NA,NA,NA
2003-07-28,420,71103,NA,NA,NA
2003-08-04,361,71466,NA,NA,NA
2003-08-11,443,69844,NA,NA,NA
2003-08-18,421,69003,NA,NA,NA
2003-08-25,450,70178,NA,NA,NA
2003-09-01,463,7e4,NA,NA,NA
2003-09-08,519,65474,NA,NA,NA
2003-09-15,475,74328,NA,NA,NA
2003-09-22,461,72401,NA,NA,NA
2003-09-29,533,71273,NA,NA,NA
2003-10-06,2442,254144,NA,NA,NA
2003-10-13,2932,281045,NA,NA,NA
2003-10-20,3031,287436,NA,NA,NA
2003-10-27,3475,312412,NA,NA,NA
2003-11-03,4690,331980,NA,NA,NA
2003-11-10,5790,335258,NA,NA,NA
2003-11-17,8385,348359,NA,NA,NA
2003-11-24,11141,358275,NA,NA,NA
2003-12-01,11742,272576,NA,NA,NA
2003-12-08,18948,392274,NA,NA,NA
2003-12-15,24962,388269,NA,NA,NA
2003-12-22,23699,345097,NA,NA,NA
2003-12-29,16415,232344,NA,NA,NA
2004-01-05,7602,314349,NA,NA,NA
2004-01-12,5583,308614,NA,NA,NA
2004-01-19,4961,289774,NA,NA,NA
2004-01-26,4436,287586,NA,NA,NA
2004-02-02,4251,295646,NA,NA,NA
2004-02-09,3824,288762,NA,NA,NA
2004-02-16,3691,282347,NA,NA,NA
2004-02-23,2916,281202,NA,NA,NA
2004-03-01,2744,271597,NA,NA,NA
2004-03-08,2708,257294,NA,NA,NA
2004-03-15,2487,243802,NA,NA,NA
2004-03-22,2300,248805,NA,NA,NA
2004-03-29,1858,234998,NA,NA,NA
2004-04-05,1705,212432,NA,NA,NA
2004-04-12,1749,209178,NA,NA,NA
2004-04-19,1615,203802,NA,NA,NA
2004-04-26,1331,194708,NA,NA,NA
2004-05-03,1394,184038,NA,NA,NA
2004-05-10,1327,168276,NA,NA,NA
2004-05-17,1262,155386,NA,NA,NA
2004-05-24,1070,133008,NA,NA,NA
2004-05-31,1061,120884,NA,NA,NA
2004-06-07,987,133117,NA,NA,NA
2004-06-14,851,128740,NA,NA,NA
2004-06-21,887,124037,NA,NA,NA
2004-06-28,698,124146,NA,NA,NA
2004-07-05,710,90238,NA,NA,NA
2004-07-12,836,97135,NA,NA,NA
2004-07-19,659,95515,NA,NA,NA
2004-07-26,719,92216,NA,NA,NA
2004-08-02,733,116693,NA,NA,NA
2004-08-09,809,89644,NA,NA,NA
2004-08-16,770,95481,NA,NA,NA
2004-08-23,799,91326,NA,NA,NA
2004-08-30,960,96656,NA,NA,NA
2004-09-06,913,104207,NA,NA,NA
2004-09-13,1122,118343,NA,NA,NA
2004-09-20,1089,117483,NA,NA,NA
2004-09-27,1116,114857,NA,NA,NA
2004-10-04,3171,353449,NA,NA,NA
2004-10-11,3631,355116,NA,NA,NA
2004-10-18,4019,378094,NA,NA,NA
2004-10-25,4369,380921,NA,NA,NA
2004-11-01,4551,377692,NA,NA,NA
2004-11-08,4969,380718,NA,NA,NA
2004-11-15,4983,387182,NA,NA,NA
2004-11-22,4713,295546,NA,NA,NA
2004-11-29,5407,387004,NA,NA,NA
2004-12-06,5428,374356,NA,NA,NA
2004-12-13,5755,355806,NA,NA,NA
2004-12-20,5689,259639,NA,NA,NA
2004-12-27,7279,283617,NA,NA,NA
2005-01-03,8041,369455,NA,NA,NA
2005-01-10,8323,378024,NA,NA,NA
2005-01-17,9328,368678,NA,NA,NA
2005-01-24,12422,405254,NA,NA,NA
2005-01-31,16192,406772,NA,NA,NA
2005-02-07,19369,421461,NA,NA,NA
2005-02-14,19931,419426,NA,NA,NA
2005-02-21,16630,397883,NA,NA,NA
2005-02-28,13234,383196,NA,NA,NA
2005-03-07,11601,367292,NA,NA,NA
2005-03-14,9502,355454,NA,NA,NA
2005-03-21,7900,335940,NA,NA,NA
2005-03-28,6329,334438,NA,NA,NA
2005-04-04,4816,315823,NA,NA,NA
2005-04-11,4445,314948,NA,NA,NA
2005-04-18,3825,305833,NA,NA,NA
2005-04-25,3646,302065,NA,NA,NA
2005-05-02,2990,277120,NA,NA,NA
2005-05-09,3012,263009,NA,NA,NA
2005-05-16,2531,238494,NA,NA,NA
2005-05-23,2056,194550,NA,NA,NA
2005-05-30,2099,167661,NA,NA,NA
2005-06-06,1744,171960,NA,NA,NA
2005-06-13,1614,154899,NA,NA,NA
2005-06-20,1628,170645,NA,NA,NA
2005-06-27,1359,160216,NA,NA,NA
2005-07-04,1198,142302,NA,NA,NA
2005-07-11,1148,157068,NA,NA,NA
2005-07-18,1068,149699,NA,NA,NA
2005-07-25,990,147612,NA,NA,NA
2005-08-01,982,142468,NA,NA,NA
2005-08-08,1023,145121,NA,NA,NA
2005-08-15,928,150673,NA,NA,NA
2005-08-22,922,151290,NA,NA,NA
2005-08-29,1033,151854,NA,NA,NA
2005-09-05,1061,136817,NA,NA,NA
2005-09-12,1026,150127,NA,NA,NA
2005-09-19,1219,156067,NA,NA,NA
2005-09-26,1204,149205,NA,NA,NA
2005-10-03,3586,333164,NA,NA,NA
2005-10-10,3582,338343,NA,NA,NA
2005-10-17,4122,369609,NA,NA,NA
2005-10-24,4248,377999,NA,NA,NA
2005-10-31,5005,398840,NA,NA,NA
2005-11-07,5038,376924,NA,NA,NA
2005-11-14,5276,382697,NA,NA,NA
2005-11-21,4802,298578,NA,NA,NA
2005-11-28,5966,402264,NA,NA,NA
2005-12-05,6371,385248,NA,NA,NA
2005-12-12,7697,383548,NA,NA,NA
2005-12-19,8577,333921,NA,NA,NA
2005-12-26,8842,289638,NA,NA,NA
2006-01-02,8339,343871,NA,NA,NA
2006-01-09,7882,393716,NA,NA,NA
2006-01-16,7858,381699,NA,NA,NA
2006-01-23,9114,411882,NA,NA,NA
2006-01-30,9551,411291,NA,NA,NA
2006-02-06,10427,418286,NA,NA,NA
2006-02-13,11226,401661,NA,NA,NA
2006-02-20,11901,400827,NA,NA,NA
2006-02-27,11343,399459,NA,NA,NA
2006-03-06,11261,405365,NA,NA,NA
2006-03-13,9322,376971,NA,NA,NA
2006-03-20,8064,369804,NA,NA,NA
2006-03-27,7313,362605,NA,NA,NA
2006-04-03,5738,349662,NA,NA,NA
2006-04-10,4547,334760,NA,NA,NA
2006-04-17,3550,310641,NA,NA,NA
2006-04-24,3177,305389,NA,NA,NA
2006-05-01,2780,288278,NA,NA,NA
2006-05-08,2592,276338,NA,NA,NA
2006-05-15,2428,256267,NA,NA,NA
2006-05-22,2061,231075,NA,NA,NA
2006-05-29,1645,190252,NA,NA,NA
2006-06-05,2075,213847,NA,NA,NA
2006-06-12,1430,169353,NA,NA,NA
2006-06-19,1300,167770,NA,NA,NA
2006-06-26,1271,154741,NA,NA,NA
2006-07-03,1215,139216,NA,NA,NA
2006-07-10,1617,175259,NA,NA,NA
2006-07-17,1553,172654,NA,NA,NA
2006-07-24,1455,172581,NA,NA,NA
2006-07-31,1428,161937,NA,NA,NA
2006-08-07,1373,168024,NA,NA,NA
2006-08-14,1457,167183,NA,NA,NA
2006-08-21,1138,154071,NA,NA,NA
2006-08-28,1224,153390,NA,NA,NA
2006-09-04,1463,144289,NA,NA,NA
2006-09-11,1406,159603,NA,NA,NA
2006-09-18,1487,157627,NA,NA,NA
2006-09-25,1433,160732,NA,NA,NA
2006-10-02,4513,375076,NA,NA,NA
2006-10-09,4072,384920,NA,NA,NA
2006-10-16,4737,419005,NA,NA,NA
2006-10-23,4888,434287,NA,NA,NA
2006-10-30,5380,445334,NA,NA,NA
2006-11-06,6139,454901,NA,NA,NA
2006-11-13,6668,453945,NA,NA,NA
2006-11-20,6156,336822,NA,NA,NA
2006-11-27,7530,452089,NA,NA,NA
2006-12-04,8122,436741,NA,NA,NA
2006-12-11,10396,435177,NA,NA,NA
2006-12-18,10192,365334,NA,NA,NA
2006-12-25,8913,286087,NA,NA,NA
2007-01-08,8386,369521,NA,NA,NA
2007-01-15,7761,416464,NA,NA,NA
2007-01-22,7909,395477,NA,NA,NA
2007-01-29,10888,446119,NA,NA,NA
2007-02-05,12120,428241,NA,NA,NA
2007-02-12,14197,454533,NA,NA,NA
2007-02-19,14031,429057,NA,NA,NA
2007-02-26,14048,442099,NA,NA,NA
2007-03-05,11801,433281,NA,NA,NA
2007-03-12,10715,428255,NA,NA,NA
2007-03-19,9597,395394,NA,NA,NA
2007-03-26,7562,385735,NA,NA,NA
2007-04-02,6148,386327,NA,NA,NA
2007-04-09,4958,361955,NA,NA,NA
2007-04-16,4869,357183,NA,NA,NA
2007-04-23,4179,356055,NA,NA,NA
2007-04-30,3695,347413,NA,NA,NA
2007-05-07,3077,317311,NA,NA,NA
2007-05-14,2860,296262,NA,NA,NA
2007-05-21,2442,285031,NA,NA,NA
2007-05-28,2243,259803,NA,NA,NA
2007-06-04,2058,220020,NA,NA,NA
2007-06-11,1679,225197,NA,NA,NA
2007-06-18,1614,217982,NA,NA,NA
2007-06-25,1456,216378,NA,NA,NA
2007-07-02,1455,218376,NA,NA,NA
2007-07-09,1169,176387,NA,NA,NA
2007-07-16,1086,199040,NA,NA,NA
2007-07-23,1211,206574,NA,NA,NA
2007-07-30,1356,205241,NA,NA,NA
2007-08-06,1037,194161,NA,NA,NA
2007-08-13,1172,200154,NA,NA,NA
2007-08-20,1283,207580,NA,NA,NA
2007-08-27,1448,210629,NA,NA,NA
2007-09-03,1526,213219,NA,NA,NA
2007-09-10,1554,187384,NA,NA,NA
2007-09-17,1694,211509,NA,NA,NA
2007-09-24,1913,208278,NA,NA,NA
2007-10-01,2228,273623,NA,NA,NA
2007-10-08,5641,526227,NA,NA,NA
2007-10-15,6444,529126,NA,NA,NA
2007-10-22,6941,557172,NA,NA,NA
2007-10-29,7434,546680,NA,NA,NA
2007-11-05,7915,547104,NA,NA,NA
2007-11-12,8687,566717,NA,NA,NA
2007-11-19,9104,546284,NA,NA,NA
2007-11-26,8570,433951,NA,NA,NA
2007-12-03,9171,548159,NA,NA,NA
2007-12-10,8436,516263,NA,NA,NA
2007-12-17,8091,463416,NA,NA,NA
2007-12-24,8750,451862,NA,NA,NA
2007-12-31,8902,357646,NA,NA,NA
2008-01-07,9706,430603,NA,NA,NA
2008-01-14,11115,531444,NA,NA,NA
2008-01-21,12197,516966,NA,NA,NA
2008-01-28,17171,516683,NA,NA,NA
2008-02-04,24812,559609,NA,NA,NA
2008-02-11,31896,596692,NA,NA,NA
2008-02-18,31625,583210,NA,NA,NA
2008-02-25,30245,570334,NA,NA,NA
2008-03-03,25027,589626,NA,NA,NA
2008-03-10,20254,558269,NA,NA,NA
2008-03-17,16714,550776,NA,NA,NA
2008-03-24,13040,514205,NA,NA,NA
2008-03-31,10376,504350,NA,NA,NA
2008-04-07,8583,492850,NA,NA,NA
2008-04-14,7045,500881,NA,NA,NA
2008-04-21,6079,479187,NA,NA,NA
2008-04-28,4953,459808,NA,NA,NA
2008-05-05,4224,425187,NA,NA,NA
2008-05-12,4011,440183,NA,NA,NA
2008-05-19,3904,401601,NA,NA,NA
2008-05-26,3646,367075,NA,NA,NA
2008-06-02,3803,348477,NA,NA,NA
2008-06-09,2933,330127,NA,NA,NA
2008-06-16,2906,327366,NA,NA,NA
2008-06-23,2842,321789,NA,NA,NA
2008-06-30,2534,306499,NA,NA,NA
2008-07-07,2405,307073,NA,NA,NA
2008-07-14,2431,311423,NA,NA,NA
2008-07-21,2319,301532,NA,NA,NA
2008-07-28,2166,300292,NA,NA,NA
2008-08-04,2289,304175,NA,NA,NA
2008-08-11,2220,294930,NA,NA,NA
2008-08-18,2368,298701,NA,NA,NA
2008-08-25,2237,300714,NA,NA,NA
2008-09-01,2429,298342,NA,NA,NA
2008-09-08,2461,293535,NA,NA,NA
2008-09-15,2788,327567,NA,NA,NA
2008-09-22,3735,336560,NA,NA,NA
2008-09-29,3400,329731,NA,NA,NA
2008-10-06,5687,555999,NA,NA,NA
2008-10-13,5959,578446,NA,NA,NA
2008-10-20,5896,582351,NA,NA,NA
2008-10-27,6485,598473,NA,NA,NA
2008-11-03,6987,599343,NA,NA,NA
2008-11-10,7297,612526,NA,NA,NA
2008-11-17,7667,598635,NA,NA,NA
2008-11-24,7733,608646,NA,NA,NA
2008-12-01,7634,478386,NA,NA,NA
2008-12-08,8708,597052,NA,NA,NA
2008-12-15,8689,579573,NA,NA,NA
2008-12-22,7812,479318,NA,NA,NA
2008-12-29,8706,403876,NA,NA,NA
2009-01-05,8956,579428,NA,NA,NA
2009-01-12,9289,565631,NA,NA,NA
2009-01-19,11456,582932,NA,NA,NA
2009-01-26,14324,611176,NA,NA,NA
2009-02-02,18268,638613,NA,NA,NA
2009-02-09,21667,648304,NA,NA,NA
2009-02-16,20022,624583,NA,NA,NA
2009-02-23,20450,659573,NA,NA,NA
2009-03-02,18441,623389,NA,NA,NA
2009-03-09,15711,637672,NA,NA,NA
2009-03-16,13277,605503,NA,NA,NA
2009-03-23,11400,608342,NA,NA,NA
2009-03-30,9669,586651,NA,NA,NA
2009-04-06,8460,564460,NA,NA,NA
2009-04-13,7222,558837,NA,NA,NA
2009-04-20,7348,577836,NA,NA,NA
2009-04-27,18627,624734,NA,NA,NA
2009-05-04,14578,598189,NA,NA,NA
2009-05-11,12554,550300,NA,NA,NA
2009-05-18,20774,544432,NA,NA,NA
2009-05-25,22394,531526,NA,NA,NA
2009-06-01,17105,538177,NA,NA,NA
2009-06-08,12392,493761,NA,NA,NA
2009-06-15,10780,521701,NA,NA,NA
2009-06-22,8801,512268,NA,NA,NA
2009-06-29,7422,475877,NA,NA,NA
2009-07-06,6290,480680,NA,NA,NA
2009-07-13,5964,502466,NA,NA,NA
2009-07-20,5735,503971,NA,NA,NA
2009-07-27,5587,485804,NA,NA,NA
2009-08-03,5526,496666,NA,NA,NA
2009-08-10,5877,506019,NA,NA,NA
2009-08-17,8941,544827,NA,NA,NA
2009-08-24,14556,588916,NA,NA,NA
2009-08-31,21350,573972,NA,NA,NA
2009-09-07,22561,571201,NA,NA,NA
2009-09-14,26091,638302,NA,NA,NA
2009-09-21,24454,608464,NA,NA,NA
2009-09-28,27919,606458,NA,NA,NA
2009-10-05,48420,855346,149,3484,46412
2009-10-12,58196,853912,174,3703,46453
2009-10-19,69068,906536,239,3841,47451
2009-10-26,66411,898860,295,3762,46431
2009-11-02,57017,899425,298,3858,47372
2009-11-09,42729,864348,265,3929,47313
2009-11-16,32520,853552,208,3721,46526
2009-11-23,22508,654101,179,3655,46422
2009-11-30,21730,814550,126,3779,47806
2009-12-07,19325,781811,105,3982,49304
2009-12-14,17081,728401,84,3985,49099
2009-12-21,14575,536961,63,3838,49104
2009-12-28,15613,583299,47,4310,49617
2010-01-04,14299,721138,37,4428,51018
2010-01-11,14088,770895,39,4471,51275
2010-01-18,14757,766177,28,4314,49912
2010-01-25,15122,785580,29,4072,48443
2010-02-01,16037,767773,27,4085,49079
2010-02-08,15381,756068,38,4128,50120
2010-02-15,15065,762208,23,4236,50484
2010-02-22,16087,806925,30,4291,50193
2010-03-01,14486,781411,28,4342,50345
2010-03-08,14354,768702,30,4377,50219
2010-03-15,12601,741293,29,4236,49270
2010-03-22,11191,747358,25,4081,48294
2010-03-29,10359,713863,28,3986,48795
2010-04-05,8813,730068,14,3983,47769
2010-04-12,8801,749563,13,3730,47102
2010-04-19,8362,719580,9,3569,46620
2010-04-26,8440,720054,7,3605,46319
2010-05-03,7914,705551,8,3530,46264
2010-05-10,7697,669414,4,3464,46362
2010-05-17,7603,670887,3,3413,45516
2010-05-24,6853,633532,2,3251,45488
2010-05-31,6595,549773,4,3250,45174
2010-06-07,5755,604004,5,3304,44968
2010-06-14,5316,580329,2,3173,45140
2010-06-21,5334,575664,3,3143,44631
2010-06-28,4718,542536,4,3141,44629
2010-07-05,4691,519414,3,3215,45580
2010-07-12,4234,547187,5,3115,44853
2010-07-19,3950,531790,3,3093,44628
2010-07-26,3850,526723,3,2956,44281
2010-08-02,4077,518121,1,3029,44732
2010-08-09,4008,525260,5,2928,44400
2010-08-16,4518,537190,3,3010,44358
2010-08-23,4420,558382,2,2894,44320
2010-08-30,5007,548573,2,3048,44287
2010-09-06,5493,531250,3,3168,44813
2010-09-13,5510,589930,4,3189,45200
2010-09-20,6741,623077,1,3100,45104
2010-09-27,6387,599366,6,3215,45260
2010-10-04,8473,746485,5,3258,46550
2010-10-11,9347,746230,7,3456,46530
2010-10-18,9684,777397,3,3423,47054
2010-10-25,9904,781234,5,3497,46538
2010-11-01,11020,766753,5,3501,47381
2010-11-08,11807,769982,3,3605,48357
2010-11-15,13336,787038,9,3540,48101
2010-11-22,12079,606527,13,3606,47719
2010-11-29,13997,772016,9,3854,48853
2010-12-06,14958,742606,13,3826,50255
2010-12-13,18022,704923,12,4024,51166
2010-12-20,19899,588406,18,4093,50853
2010-12-27,20346,592880,30,4565,52626
2011-01-03,20026,744043,53,4764,53090
2011-01-10,20721,711908,65,4696,52588
2011-01-17,26257,751850,67,4698,52431
2011-01-24,31975,798637,88,4800,52297
2011-01-31,34284,772974,106,4692,52106
2011-02-07,34456,812230,150,4744,52826
2011-02-14,36567,831600,192,4961,53427
2011-02-21,31277,801449,173,4982,52178
2011-02-28,24627,781629,183,4807,52184
2011-03-07,20377,747993,165,4723,51769
2011-03-14,17309,741807,147,4486,50748
2011-03-21,14031,728883,94,4325,49754
2011-03-28,12957,739375,79,4182,49441
2011-04-04,11498,729089,75,4054,49772
2011-04-11,9391,691707,47,3958,48279
2011-04-18,8695,662612,32,3891,47947
2011-04-25,7830,681240,13,3692,47521
2011-05-02,7307,655627,20,3745,47366
2011-05-09,7236,651983,3,3735,47464
2011-05-16,6530,620485,7,3575,46634
2011-05-23,6072,586460,5,3542,46603
2011-05-30,5946,531954,5,3493,46254
2011-06-06,5547,564322,3,3457,46534
2011-06-13,4989,539238,5,3333,45983
2011-06-20,4448,532356,2,3328,45729
2011-06-27,4218,506732,3,3346,45955
2011-07-04,4009,468565,1,3189,45678
2011-07-11,3721,526346,2,3146,45310
2011-07-18,3597,518011,3,3184,45693
2011-07-25,3538,514262,3,2990,44984
2011-08-01,3202,496632,1,3001,45686
2011-08-08,3523,521671,2,3024,45269
2011-08-15,3874,531975,1,2980,44994
2011-08-22,4444,551005,3,3061,44900
2011-08-29,4717,548228,4,3067,45514
2011-09-05,4813,514168,2,3e3,45119
2011-09-12,5567,575887,2,3036,45086
2011-09-19,5822,584534,1,3200,46015
2011-09-26,6708,605162,1,3162,45378
2011-10-03,9365,778182,4,3257,46782
2011-10-10,9803,791987,5,3402,46796
2011-10-17,9958,794995,5,3317,46921
2011-10-24,10298,788840,4,3381,47095
2011-10-31,11396,784334,8,3494,48153
2011-11-07,11496,797839,6,3662,48639
2011-11-14,11721,801594,2,3636,48089
2011-11-21,10377,626731,8,3546,47240
2011-11-28,11479,782984,8,3642,47599
2011-12-05,11187,736905,1,3741,48733
2011-12-12,12137,729258,8,3849,49102
2011-12-19,11958,645424,8,3828,49373
2011-12-26,12356,581697,10,3970,49954
2012-01-02,11992,678631,10,4322,51095
2012-01-09,11543,747894,7,4245,50962
2012-01-16,11939,724623,9,4261,51010
2012-01-23,13209,784244,11,4227,50163
2012-01-30,14448,775298,9,4026,49568
2012-02-06,14624,784516,19,4024,49854
2012-02-13,15929,789193,15,4129,50662
2012-02-20,16137,767022,29,4191,50891
2012-02-27,16518,788242,43,4234,50878
2012-03-05,15763,749198,59,4346,50739
2012-03-12,17150,747570,62,4288,50743
2012-03-19,14524,755579,57,4060,49305
2012-03-26,13017,747079,55,3796,48287
2012-04-02,11930,711808,48,3828,48390
2012-04-09,10732,717202,23,3758,49063
2012-04-16,10123,732480,37,3690,48896
2012-04-23,9370,726772,37,3573,48100
2012-04-30,8999,662649,27,3527,47784
2012-05-07,8576,655492,15,3330,46722
2012-05-14,8062,636347,16,3329,46996
2012-05-21,7878,616765,13,3289,46754
2012-05-28,7153,550614,8,3138,46022
2012-06-04,6765,581700,9,3068,46347
2012-06-11,6133,564670,4,3153,46785
2012-06-18,6048,572296,2,3147,46127
2012-06-25,5786,536380,3,3159,46076
2012-07-02,5291,505533,6,3004,46688
2012-07-09,5185,558637,2,3033,45929
2012-07-16,4931,546713,1,3011,45934
2012-07-23,5103,557488,1,2889,45653
2012-07-30,5159,541600,1,3039,45920
2012-08-06,5026,548294,5,3040,46343
2012-08-13,5051,560110,4,3018,45904
2012-08-20,6141,594395,4,2964,46193
2012-08-27,6318,600354,5,3016,46320
2012-09-03,6296,558585,2,3109,46658
2012-09-10,7382,622114,0,3160,46299
2012-09-17,7656,630563,1,3120,46413
2012-09-24,7807,623572,2,3217,47442
2012-10-01,9395,779285,5,3210,47900
2012-10-08,10158,769959,6,3315,48026
2012-10-15,10585,797444,7,3382,48748
2012-10-22,10913,798388,6,3376,47723
2012-10-29,11061,734781,3,3348,48945
2012-11-05,12674,785871,9,3433,49987
2012-11-12,13623,777534,20,3495,49729
2012-11-19,14650,627772,19,3430,49398
2012-11-26,18521,831730,31,3807,50626
2012-12-03,24877,835762,64,3940,51798
2012-12-10,29432,811800,96,3958,51357
2012-12-17,34332,754019,144,4207,52710
2012-12-24,36588,607171,232,4705,54932
2013-01-07,34103,687051,649,6033,60523
2013-01-14,39896,850531,633,5927,59102
2013-01-21,39441,838326,502,5633,57761
2013-01-28,32426,778610,392,5282,56298
2013-02-04,29808,806640,267,5017,55655
2013-02-11,24987,772086,209,4879,54390
2013-02-18,22321,771229,167,4575,53449
2013-02-25,20519,755092,148,4479,53022
2013-03-04,19231,762238,103,4414,53304
2013-03-11,18829,737736,109,4399,52969
2013-03-18,17392,715059,83,4185,52056
2013-03-25,15254,723449,56,4178,51787
2013-04-01,13714,704276,50,4049,51322
2013-04-08,12273,701881,35,3934,50826
2013-04-15,10818,722583,22,3823,49491
2013-04-22,9188,694415,27,3583,48329
2013-04-29,8589,700300,10,3504,48357
2013-05-06,7986,667648,11,3392,47902
2013-05-13,7704,647130,4,3313,47329
2013-05-20,7317,623114,12,3248,47291
2013-05-27,6589,581338,3,3038,46587
2013-06-03,6190,541528,8,3341,46977
2013-06-10,5638,558875,6,3271,46525
2013-06-17,5539,541138,4,3123,46449
2013-06-24,5474,546643,2,3055,46380
2013-07-01,4915,540408,5,2977,46639
2013-07-08,4506,474295,2,3034,45762
2013-07-15,4510,543833,7,3041,46128
2013-07-22,4186,521874,5,2866,46172
2013-07-29,4233,524969,7,2929,46141
2013-08-05,3886,487617,3,2976,46008
2013-08-12,4075,523015,3,2996,45828
2013-08-19,4168,522533,4,2970,46003
2013-08-26,4317,522965,6,2891,46269
2013-09-02,5053,540157,1,2858,45581
2013-09-09,5626,539175,7,2983,46188
2013-09-16,6374,584196,4,3027,46555
2013-09-23,7110,591969,11,3043,46654
2013-09-30,7963,631088,3,3140,47492
2013-10-07,9677,854487,12,3135,47304
2013-10-14,10420,860298,11,3216,47602
2013-10-21,10658,848016,11,3151,47746
2013-10-28,12036,877917,12,3271,48777
2013-11-04,12502,874537,17,3429,48939
2013-11-11,13498,878845,15,3320,49409
2013-11-18,13927,868987,28,3430,49591
2013-11-25,15168,875411,33,3385,49287
2013-12-02,13975,665926,42,3594,50812
2013-12-09,18920,854664,68,3856,51848
2013-12-16,19398,802651,107,3917,52548
2013-12-23,24697,814891,207,3942,51954
2013-12-30,26988,615148,351,4511,53531
2014-01-06,28654,680424,461,4999,55821
2014-01-13,28147,812343,474,5005,54588
2014-01-20,28370,855297,442,4783,54097
2014-01-27,25502,786928,385,4623,53967
2014-02-03,23484,813726,315,4476,53408
2014-02-10,21085,804244,271,4385,53834
2014-02-17,18195,777340,209,3990,52673
2014-02-24,17234,812700,161,3868,51695
2014-03-03,15914,832786,125,4048,52065
2014-03-10,15044,790831,93,3942,51787
2014-03-17,14024,794024,74,3834,51399
2014-03-24,14926,803374,65,3797,50888
2014-03-31,14661,805133,55,3824,50888
2014-04-07,14637,797863,74,3730,50731
2014-04-14,14206,809707,55,3595,49929
2014-04-21,11723,773101,54,3498,49915
2014-04-28,10814,770592,53,3490,49677
2014-05-05,9648,766139,39,3512,50330
2014-05-12,9775,737834,27,3222,47939
2014-05-19,9033,708049,24,3242,48608
2014-05-26,8797,679395,15,3140,48176
2014-06-02,7658,624582,20,3220,47792
2014-06-09,7229,631143,15,3222,47839
2014-06-16,6783,635233,7,3077,47618
2014-06-23,6369,593740,3,2998,47461
2014-06-30,6038,596063,6,3e3,47435
2014-07-07,5352,538049,4,2988,47473
2014-07-14,5295,601116,7,2944,47244
2014-07-21,5083,592305,3,2985,47159
2014-07-28,4765,591814,5,2923,46994
2014-08-04,4942,603580,1,2842,47078
2014-08-11,4744,605307,5,2869,46752
2014-08-18,4980,586778,6,2877,46778
2014-08-25,5305,635980,5,2825,46663
2014-09-01,5799,640080,1,2966,47473
2014-09-08,6050,578913,4,2881,46971
2014-09-15,8130,695966,6,2990,48082
2014-09-22,8888,696282,6,3017,48421
2014-09-29,8874,683887,6,3075,48366
2014-10-06,10150,841540,8,3142,49360
2014-10-13,10977,828544,13,3085,49238
2014-10-20,11941,845727,11,3202,49071
2014-10-27,12292,862314,17,3154,49007
2014-11-03,12313,855608,11,3208,51049
2014-11-10,13853,857601,18,3240,50550
2014-11-17,14062,844700,31,3380,52533
2014-11-24,16674,831289,46,3419,51866
2014-12-01,17602,671251,83,3620,52748
2014-12-08,22905,878430,169,3785,53554
2014-12-15,29172,853532,312,4098,54622
2014-12-22,37382,837119,512,4264,56028
2014-12-29,40533,662849,1010,4988,58896
2015-01-05,31483,771835,1088,5515,61212
2015-01-12,31204,792459,982,5572,61009
2015-01-19,33221,800359,711,5169,58539
2015-01-26,30621,789407,583,4841,57169
2015-02-02,28151,814097,484,4733,57295
2015-02-09,25218,823153,405,4579,56591
2015-02-16,21109,746836,285,4496,56590
2015-02-23,19178,812660,221,4546,56239
2015-03-02,18441,789858,190,4542,56435
2015-03-09,17833,805881,159,4441,55671
2015-03-16,16695,804117,139,4195,54395
2015-03-23,16122,801027,121,3901,53345
2015-03-30,14975,771143,97,3840,53128
2015-04-06,13733,785602,100,3835,52757
2015-04-13,12044,800974,75,3922,52769
2015-04-20,10860,756827,63,3804,51570
2015-04-27,11095,761638,50,3646,51382
2015-05-04,10694,748690,28,3544,51601
2015-05-11,9671,714799,22,3467,50616
2015-05-18,9024,678023,14,3230,49231
2015-05-25,7913,616171,18,3365,49766
2015-06-01,6946,609891,10,3195,49205
2015-06-08,6744,611184,11,3208,49703
2015-06-15,5850,602628,6,3142,48982
2015-06-22,5913,592081,4,3189,48952
2015-06-29,5232,534938,6,3103,49090
2015-07-06,5116,590468,7,3066,48811
2015-07-13,4870,588337,7,3027,49175
2015-07-20,4626,580010,3,3005,48548
2015-07-27,4605,567663,4,2909,48554
2015-08-03,4753,578812,4,2947,48211
2015-08-10,4750,579668,8,2829,48050
2015-08-17,5173,609994,6,2930,48346
2015-08-24,5648,635661,5,2894,48394
2015-08-31,5963,619323,3,2935,48630
2015-09-07,5970,583853,3,2945,48682
2015-09-14,7062,651524,6,3009,48818
2015-09-21,7704,654414,8,3048,49198
2015-09-28,7626,650904,6,3052,48774
2015-10-05,10049,808287,14,3197,50975
2015-10-12,10715,809660,7,3134,49919
2015-10-19,11584,825079,16,3222,50788
2015-10-26,11164,811165,17,3161,50325
2015-11-02,12423,845875,20,3348,51052
2015-11-09,12676,826877,14,3224,50626
2015-11-16,13484,838344,13,3347,51682
2015-11-23,12158,639738,14,3326,51343
2015-11-30,14617,841777,22,3450,51886
2015-12-07,14986,823657,20,3526,53575
2015-12-14,15396,783227,26,3474,52102
2015-12-21,14839,613128,15,3529,53037
2015-12-28,15679,650356,31,3915,52464
2016-01-04,15654,787192,32,4245,55845
2016-01-11,15517,779809,30,4283,55577
2016-01-18,15661,743249,36,4048,55219
2016-01-25,18143,827482,50,4115,55663
2016-02-01,18944,823602,61,4086,55136
2016-02-08,21774,813755,93,3990,55457
2016-02-15,24681,816098,149,4051,56168
2016-02-22,26423,848718,187,4231,55199
2016-02-29,28468,855439,257,4250,55921
2016-03-07,30481,848628,294,4286,56206
2016-03-14,24894,804948,351,4154,54583
2016-03-21,21940,786936,295,4194,54808
2016-03-28,19603,776752,282,3896,53937
2016-04-04,16769,787543,250,3945,54068
2016-04-11,16261,792672,196,3891,53492
2016-04-18,15437,775895,148,3683,53152
2016-04-25,13836,774777,127,3398,51027
2016-05-02,11870,741210,91,3402,51271
2016-05-09,10707,726244,74,3240,51e3
2016-05-16,9798,688612,34,3290,50468
2016-05-23,8787,635835,30,3198,50491
2016-05-30,7997,598077,17,3025,49712
2016-06-06,7201,632252,17,3175,49917
2016-06-13,6768,617287,18,2920,49910
2016-06-20,6024,602666,12,2875,49623
2016-06-27,5686,573793,10,2914,49747
2016-07-04,5118,549582,10,2914,49701
2016-07-11,5078,602288,6,2926,49637
2016-07-18,5044,600272,5,2767,49278
2016-07-25,4925,593327,5,2804,49699
2016-08-01,4596,581457,2,2847,49506
2016-08-08,4868,585923,2,2827,49742
2016-08-15,5265,614499,5,2866,49812
2016-08-22,6260,621362,6,2827,49513
2016-08-29,6504,614349,5,2869,49582
2016-09-05,6623,601938,5,2881,50083
2016-09-12,7639,666755,8,3093,49924
2016-09-19,8229,675119,9,3017,49886
2016-09-26,8505,648678,11,2985,50259
2016-10-03,10920,869249,18,3022,51404
2016-10-10,10997,851042,11,3193,52130
2016-10-17,11926,896532,7,3178,51443
2016-10-24,12648,887194,17,3129,51865
2016-10-31,13790,878396,16,3100,51753
2016-11-07,14258,863967,19,3208,52541
2016-11-14,15160,875353,7,3192,53460
2016-11-21,14208,698702,22,3257,53163
2016-11-28,16605,883118,34,3514,54601
2016-12-05,16976,847500,33,3616,55150
2016-12-12,18463,811687,45,3780,56002
2016-12-19,21570,740295,92,3736,56734
2016-12-26,24900,701866,157,4103,57616
2017-01-02,24178,785080,288,4545,59675
2017-01-09,24904,824374,368,4486,60887
2017-01-16,28759,845666,373,4601,59181
2017-01-23,31221,884076,365,4405,57882
2017-01-30,36510,902215,350,4431,58221
2017-02-06,42890,902292,417,4421,58686
2017-02-13,41098,883216,530,4356,57743
2017-02-20,40124,878193,602,4320,57836
2017-02-27,30183,873909,535,4224,57022
2017-03-06,28051,851118,469,4189,57077
2017-03-13,25484,805664,374,4073,56397
2017-03-20,27371,871632,318,4066,56761
2017-03-27,24375,846072,326,3854,55190
2017-04-03,19684,830587,262,3773,54676
2017-04-10,15552,803557,207,3755,54727
2017-04-17,13012,793124,163,3470,52937
2017-04-24,11955,808770,87,3440,53099
2017-05-01,10763,786659,63,3289,52480
2017-05-08,10188,761114,48,3195,51739
2017-05-15,9809,728618,52,3172,52067
2017-05-22,8563,676935,24,3061,50489
2017-05-29,7757,617078,24,2966,50600
2017-06-05,7558,652587,18,3046,50414
2017-06-12,6636,632917,19,3013,49702
2017-06-19,6264,633512,14,2886,49881
2017-06-26,5596,581831,10,2864,48963
2017-07-03,5326,556995,16,2723,49190
2017-07-10,4961,599065,4,2917,48169
2017-07-17,4764,584767,10,2646,48255
2017-07-24,4880,596070,2,2721,47442
2017-07-31,4899,589937,4,2568,47910
2017-08-07,4915,592906,5,2598,47998
2017-08-14,5221,588310,11,2526,47685
2017-08-21,6666,627029,7,2571,46903
2017-08-28,7122,635403,7,2500,47611
2017-09-04,7069,620623,12,2573,47e3
2017-09-11,8305,731284,7,2739,47388
2017-09-18,8556,728139,14,2688,47083
2017-09-25,9065,730058,18,2582,46334
2017-10-02,11970,959420,13,2594,45429
2017-10-09,12429,943839,15,2480,43237
2017-10-16,13195,966259,21,2441,41150
2017-10-23,14555,945007,16,2256,37616
2017-10-30,15494,934670,24,1894,34084
